,Exhibit,RI,Na,Mg,Al,Si,K,Ca,Ba,Fe
0,A,0.1246660730187159,0.13661202185792387,0.983695652173913,0.33720930232558144,0.9261992619926218,1.0,0.0,0.0,0.0
1,B,0.5120213713268242,0.09836065573770547,1.0,0.2848837209302325,0.8044280442804457,0.9818181818181818,0.10158013544018041,0.0,0.0
2,C,0.6829919857524658,0.22950819672131217,0.0,0.5348837209302326,0.6088560885608878,0.5818181818181818,0.9413092550790068,0.0,0.0
3,D,0.26981300089047977,0.5355191256830611,0.6494565217391305,0.5232558139534884,0.664206642066425,0.0,0.3386004514672689,0.0,0.0
4,E,0.0,1.0,0.0,1.0,1.0,0.0,0.15575620767494347,1.0,0.9999999999999999
5,F,0.1184327693677858,0.0,0.9619565217391304,0.5988372093023256,0.7970479704797064,0.9818181818181818,0.08352144469525946,0.0,0.7777777777777778
6,G,1.0,0.42622950819672223,0.8559782608695652,0.0,0.0,0.14545454545454545,0.8058690744920995,0.0,0.0
7,H,0.39269813000890963,0.19672131147541094,0.0,0.43023255813953487,0.6199261992619931,0.6,1.0,0.0,0.0
